C,Si,Mn,P,S,Al,V,Nb,Ti,a_temp,r
0.03,0.02,1.55,0.01,0.004,0.032,0.132,0,0,830,1.8
0.028,0.02,1.48,0.01,0.001,0.032,0.105,0.042,0,830,1.8
0.032,0.03,1.72,0.01,0.005,0.028,0.085,0.035,0.035,830,1.8
0.02,0.02,1.63,0.01,0.005,0.033,0.065,0,0,830,1.4
0.031,0.02,1.56,0.01,0.006,0.033,0.122,0.045,0,830,1.7
0.029,0.02,1.48,0.01,0.003,0.032,0.21,0.115,0.125,830,1.8
0.032,0.02,1.65,0.01,0.004,0.032,0.045,0,0,830,0.8
0.02,0.22,2.02,0.06,0.004,0.032,0.132,0,0,850,1.9
0.022,0.52,1.85,0.03,0.001,0.032,0.105,0.042,0,850,1.9
0.028,0.33,1.72,0.01,0.005,0.028,0.085,0.035,0.035,850,1.8
0.011,0.21,1.53,0.01,0.003,0.028,0.032,0.03,0,830,1.9
0.022,0.52,1.52,0.01,0.002,0.033,0.125,0,0.022,830,1.8
0.019,0.53,1.43,0.05,0.001,0.032,0.105,0,0,830,1.7
0.021,0.33,1.72,0.06,0.003,0.03,0.115,0,0,830,1.7
0.02,0.41,2.02,0.02,0.002,0.029,0.072,0.042,0.01,830,1.8
0.007,0.35,1.76,0.01,0.005,0.029,0.073,0,0,830,1.9
0.112,0.33,1.74,0.01,0.003,0.028,0.352,0,0,830,0.8
0.021,0.52,1.52,0.01,0.002,0.033,0.008,0,0,850,0.8
0.023,0.53,1.43,0.05,0.001,0.032,0.622,0,0,850,1.7
0.021,0.33,1.72,0.06,0.003,0.03,0.049,0.0005,0,850,1.7
0.025,0.41,1.75,0.04,0.002,0.029,0.041,0.325,0,850,1.8
0.019,0.35,1.76,0.05,0.001,0.032,0.052,0,0.0005,830,1.7
0.023,0.33,1.72,0.06,0.003,0.03,0.033,0,0.306,850,1.8
0.018,0.02,1.48,0.01,0.003,0.032,0.03,0.001,0.001,830,0.8
0.021,0.02,1.65,0.01,0.004,0.032,0.329,0,0,830,1.7
0.039,0.5,2.85,0.01,0.005,0.031,0.151,0,0,780,1.1
0.038,0.75,2.52,0.01,0.001,0.035,0.088,0.121,0,780,1.3
0.042,0.74,2.53,0.01,0.006,0.033,0.092,0.11,0.152,750,1.3
0.041,0.7,2.55,0.01,0.008,0.032,0.087,0,0.064,760,1.2
0.048,0.72,2.52,0.01,0.005,0.034,0.153,0.202,0.005,770,1.3
0.04,0.77,2.55,0.01,0.007,0.036,0.524,0.193,0.262,780,1.4
0.038,0.73,2.56,0.01,0.006,0.033,0.04,0.011,0.009,780,0.7
0.043,0.95,2.95,0.05,0.005,0.032,0.095,0.002,0.119,760,1.3
0.042,0.82,2.78,0.04,0.009,0.035,0.141,0.045,0.053,780,1.1
0.048,0.91,2.73,0.04,0.006,0.036,0.033,0.185,0.155,780,1.4
0.042,0.82,2.78,0.04,0.009,0.035,0.008,0,0,760,0.8
0.038,0.91,2.73,0.04,0.006,0.036,0.552,0,0,780,1.3
0.038,0.76,2.57,0.03,0.001,0.034,0.087,0.005,0,780,1.1
0.039,0.76,2.55,0.03,0.001,0.035,0.032,0.056,0,760,1.3
0.042,0.73,2.49,0.03,0.001,0.036,0.092,0.382,0,780,1.3
0.043,0.75,2.52,0.03,0.001,0.035,0.088,0.453,0,780,1.3
0.041,0.7,2.55,0.03,0.002,0.032,0.098,0,0.0005,760,1.1
0.038,0.71,2.58,0.03,0.002,0.03,0.025,0,0.037,760,1.3
0.039,0.74,2.57,0.04,0.002,0.03,0.079,0,0.186,780,1.3
0.042,0.71,2.51,0.02,0.002,0.029,0.089,0,0.356,780,1.4
0.028,0.02,1.55,0.01,0.003,0.034,0.121,0,0,830,1.7
0.03,0.02,1.46,0.01,0.002,0.035,0.108,0.041,0,830,1.7
0.031,0.03,1.7,0.01,0.005,0.028,0.086,0.036,0.033,830,1.7
0.021,0.02,1.65,0.01,0.005,0.034,0.068,0,0,830,1.4
0.032,0.02,1.52,0.01,0.004,0.033,0.124,0.044,0,830,1.6
0.026,0.02,1.52,0.01,0.003,0.035,0.122,0.112,0.122,830,1.7
0.032,0.02,1.62,0.01,0.005,0.032,0.042,0,0,830,0.8
0.021,0.21,2.02,0.06,0.003,0.03,0.13,0,0,850,1.8
0.024,0.52,1.88,0.04,0.001,0.032,0.105,0.033,0,850,1.8
0.026,0.32,1.72,0.01,0.004,0.026,0.088,0.035,0.032,850,1.7
0.02,0.7,1.55,0.01,0.003,0.028,0.073,0.045,0,830,1.6
0.012,0.21,1.51,0.01,0.002,0.033,0.055,0,0.018,830,1.7
0.018,0.5,1.56,0.03,0.004,0.035,0.108,0,0,830,1.6
0.02,0.39,1.73,0.05,0.001,0.031,0.11,0,0,830,1.6
0.021,0.28,1.95,0.02,0.005,0.029,0.075,0.038,0.01,830,1.7
0.008,0.32,1.75,0.01,0.005,0.032,0.075,0,0,830,1.8
0.095,0.34,1.73,0.01,0.003,0.029,0.361,0,0,830,0.8
0.023,0.49,1.54,0.01,0.002,0.03,0.007,0,0,850,0.8
0.024,0.51,1.47,0.03,0.001,0.031,0.597,0,0,850,1.6
0.022,0.35,1.75,0.05,0.003,0.029,0.109,0.005,0,850,1.7
0.023,0.44,1.78,0.04,0.003,0.027,0.065,0.319,0,850,1.6
0.021,0.35,1.73,0.05,0.001,0.034,0.099,0,0.0005,830,1.7
0.025,0.36,1.77,0.05,0.002,0.032,0.321,0,0.321,850,1.7
0.02,0.02,1.51,0.01,0.003,0.033,0.035,0.001,0.001,830,0.8
0.023,0.02,1.66,0.01,0.003,0.035,0.308,0,0,830,1.7
0.038,0.48,2.88,0.01,0.004,0.033,0.158,0,0,780,1.1
0.041,0.77,2.51,0.01,0.001,0.035,0.056,0.171,0,780,1.4
0.038,0.72,2.54,0.01,0.009,0.033,0.085,0,0.058,760,1.4
0.049,0.74,2.53,0.01,0.006,0.036,0.039,0.075,0.005,770,1.3
0.039,0.75,2.55,0.01,0.007,0.035,0.183,0.191,0.26,780,1.5
0.046,0.73,2.57,0.01,0.007,0.038,0.011,0.013,0.015,780,0.8
0.039,0.93,2.95,0.05,0.004,0.039,0.016,0.003,0.108,760,1.3
0.041,0.8,2.8,0.05,0.009,0.033,0.138,0.042,0.065,780,1.1
0.047,0.92,2.78,0.04,0.006,0.034,0.025,0.175,0.143,780,1.4
0.043,0.84,2.76,0.04,0.007,0.034,0.007,0,0,760,0.8
0.038,0.93,2.75,0.04,0.006,0.035,0.553,0,0,780,1.4
0.042,0.8,2.65,0.02,0.003,0.031,0.096,0.0005,0,780,1.1
0.041,0.81,2.68,0.02,0.003,0.03,0.029,0.065,0,760,1.3
0.043,0.78,2.67,0.03,0.003,0.029,0.087,0.295,0,780,1.3
0.041,0.77,2.69,0.02,0.002,0.03,0.079,0.521,0,780,1.4
0.039,0.76,2.74,0.03,0.003,0.031,0.105,0,0.0005,760,1.1
0.043,0.79,2.74,0.02,0.004,0.033,0.035,0,0.042,760,1.2
0.04,0.8,2.75,0.03,0.002,0.032,0.087,0,0.182,780,1.3
0.038,0.81,2.77,0.02,0.003,0.032,0.089,0,0.29,780,1.3
0.029,0.03,1.68,0.008,0.003,0.032,0.149,0.005,0.002,835,1.8
0.031,0.026,1.581,0.009,0.003,0.032,0.142,0.013,0.001,827,1.8
0.028,0.023,1.467,0.008,0.003,0.031,0.134,0.019,0.003,825,1.8
0.026,0.01,1.464,0.008,0,0.032,0.078,0.048,0,826,1.8
0.026,0.037,1.578,0.01,0.001,0.032,0.106,0.05,0,830,1.8
0.029,0,1.526,0.01,0.001,0.031,0.114,0.041,0,829,1.8
0.028,0.01,1.74,0.012,0.005,0.028,0.096,0.038,0.028,831,1.8
0.031,0.008,1.818,0.007,0.004,0.028,0.107,0.047,0.031,830,1.8
0.031,0.01,1.75,0.011,0.004,0.028,0.092,0.016,0.043,833,1.8
0.02,0.056,1.491,0.011,0.005,0.033,0.056,0.013,0.004,824,1.4
0.019,3.61E+00,1.674,0.011,0.005,0.032,0.062,0.01,0,827,1.4
0.019,0.007,1.641,0.012,0.005,0.033,0.055,0.006,0.004,829,1.4
0.03,0,1.554,0.007,0.006,0.032,0.12,0.041,0.001,832,1.7
0.032,0.022,1.622,0.009,0.005,0.032,0.107,0.055,0,831,1.7
0.031,0.048,1.521,0.011,0.005,0.032,0.137,0.037,0,829,1.7
0.028,0.029,1.489,0.009,0.003,0.031,0.227,0.123,0.129,826,1.8
0.03,0.02,1.472,0.008,0.003,0.032,0.212,0.1,0.115,831,1.8
0.028,0.04,1.465,0.012,0.002,0.032,0.212,0.112,0.14,828,1.8
0.033,0.026,1.739,0.012,0.003,0.032,0.016,0.018,0.008,828,0.8
0.032,0.009,1.584,0.008,0.003,0.031,0.046,0.013,0.019,832,0.8
0.032,0.018,1.605,0.006,0.004,0.031,0.032,0.006,0,836,0.8
0.02,0.256,2.031,0.057,0.004,0.031,0.109,0,0.011,848,1.9
0.02,0.19,2.105,0.059,0.003,0.031,0.129,0.017,0,848,1.9
0.02,0.214,2.064,0.06,0.003,0.032,0.133,0,0.003,851,1.9
0.019,0.514,1.799,0.032,0.001,0.032,0.099,0.072,0,850,1.9
0.02,0.506,1.949,0.03,0.001,0.031,0.102,0.035,0,846,1.9
0.022,0.564,1.933,0.028,0.001,0.032,0.113,0.048,0,852,1.9
0.027,0.293,1.692,0.01,0.005,0.027,0.077,0.019,0.047,851,1.8
0.027,0.341,1.758,0.009,0.004,0.027,0.091,0.025,0.043,844,1.8
0.027,0.296,1.699,0.01,0.004,0.028,0.082,0.032,0.035,850,1.8
0.011,0.249,1.438,0.011,0.003,0.028,0,0.027,0,829,1.9
0.012,0.215,1.507,0.006,0.002,0.027,0.039,0.032,0,827,1.9
0.01,0.199,1.555,0.013,0.003,0.028,0.019,0.006,0.01,830,1.9
0.021,0.534,1.596,0.009,0.002,0.033,0.124,0,0.025,825,1.8
0.023,0.544,1.548,0.009,0.001,0.033,0.133,0.004,0.022,831,1.8
0.024,0.506,1.558,0.009,0.001,0.033,0.147,0,0.022,836,1.8
0.021,0.546,1.542,0.046,0,0.031,0.124,0,0.01,826,1.7
0.016,0.518,1.449,0.052,0,0.032,0.108,0,0,827,1.7
0.017,0.585,1.442,0.051,0.001,0.032,0.121,0.01,0.002,828,1.7
0.019,0.34,1.536,0.061,0.003,0.03,0.128,0,0.007,829,1.7
0.021,0.352,1.734,0.058,0.002,0.029,0.125,0.003,0,828,1.7
0.018,0.379,1.709,0.058,0.003,0.03,0.108,0.009,0,831,1.7
0.022,0.414,2.054,0.018,0.001,0.029,0.052,0.057,0.02,832,1.8
0.019,0.496,1.992,0.021,0.001,0.029,0.079,0.058,0.017,830,1.8
0.017,0.368,2.06,0.016,0.002,0.028,0.086,0.048,0.018,831,1.8
0.006,0.403,1.712,0.01,0.005,0.028,0.069,0,0.004,830,1.9
0.008,0.317,1.732,0.01,0.004,0.029,0.074,0.015,0.001,834,1.9
0.007,0.348,1.822,0.011,0.004,0.029,0.06,0,0,828,1.9
0.113,0.372,1.738,0.012,0.003,0.028,0.343,0.012,0,827,0.8
0.113,0.373,1.711,0.009,0.002,0.028,0.359,0.013,0,827,0.8
0.111,0.342,1.795,0.009,0.003,0.028,0.365,0.004,0.001,830,0.8
0.02,0.518,1.594,0.009,0.001,0.033,0.003,0,0.004,846,0.8
0.021,0.549,1.49,0.01,0.001,0.032,0.019,0.01,0.007,847,0.8
0.018,0.519,1.583,0.01,0.001,0.032,0.005,0.007,0.001,852,0.8
0.021,0.549,1.453,0.049,0.001,0.031,0.623,0.018,0.009,846,1.7
0.022,0.526,1.427,0.048,0,0.031,0.616,0.004,0,850,1.7
0.023,0.537,1.445,0.049,0.001,0.031,0.624,0.019,0,853,1.7
0.021,0.33,1.686,0.062,0.003,0.03,0.05,0,0,849,1.7
0.02,0.344,1.597,0.06,0.003,0.03,0.051,0.008,0.01,851,1.7
0.021,0.316,1.701,0.061,0.003,0.03,0.042,0,0.01,846,1.7
0.026,0.394,1.793,0.04,0.002,0.029,0.048,0.318,0,846,1.8
0.025,0.411,1.736,0.037,0.001,0.029,0.011,0.316,0.01,848,1.8
0.023,0.412,1.743,0.04,0.002,0.029,0.042,0.318,0.01,851,1.8
0.019,0.353,1.746,0.047,0,0.031,0.05,0,0.001,831,1.7
0.018,0.348,1.789,0.049,0.001,0.031,0.051,0.003,0.003,828,1.7
0.019,0.337,1.867,0.05,0.001,0.032,0.056,0.016,0.003,836,1.7
0.024,0.295,1.759,0.06,0.003,0.029,0.028,0.005,0.296,848,1.8
0.024,0.307,1.689,0.059,0.002,0.03,0.019,0,0.31,856,1.8
0.022,0.321,1.748,0.057,0.002,0.029,0.033,0.012,0.309,846,1.8
0.015,0.017,1.478,0.01,0.002,0.032,0.044,0.003,0,830,0.8
0.017,0.009,1.469,0.011,0.002,0.031,0.033,0.01,0.001,825,0.8
0.02,0.02,1.524,0.008,0.003,0.031,0.04,0.01,0,829,0.8
0.021,0.02,1.675,0.009,0.004,0.032,0.314,0,0.001,829,1.7
0.022,0.006,1.715,0.009,0.003,0.032,0.319,0.005,0.01,829,1.7
0.019,0.068,1.636,0.009,0.003,0.032,0.315,0,0.002,830,1.7
0.038,0.49,2.884,0.011,0.005,0.03,0.143,0,0.007,775,1.1
0.036,0.475,2.886,0.01,0.004,0.031,0.148,0.007,0,779,1.1
0.041,0.51,2.863,0.011,0.005,0.031,0.141,0.01,0.001,785,1.1
0.036,0.762,2.58,0.011,0,0.034,0.088,0.107,0,784,1.3
0.038,0.752,2.536,0.007,0.001,0.034,0.09,0.123,0,781,1.3
0.038,0.772,2.485,0.009,0,0.034,0.095,0.134,0.002,775,1.3
0.044,0.759,2.524,0.007,0.006,0.032,0.106,0.103,0.162,753,1.3
0.042,0.788,2.588,0.009,0.006,0.032,0.102,0.108,0.153,751,1.3
0.041,0.752,2.524,0.009,0.006,0.033,0.078,0.101,0.16,748,1.3
0.039,0.711,2.539,0.009,0.007,0.031,0.078,0.002,0.058,762,1.2
0.043,0.722,2.501,0.009,0.007,0.031,0.055,0.017,0.066,758,1.2
0.041,0.727,2.522,0.007,0.007,0.032,0.099,0.01,0.065,762,1.2
0.046,0.751,2.455,0.01,0.004,0.034,0.158,0.194,0.008,772,1.3
0.046,0.715,2.558,0.011,0.005,0.033,0.138,0.213,0.007,767,1.3
0.048,0.758,2.496,0.009,0.005,0.034,0.148,0.189,0.018,768,1.3
0.041,0.772,2.525,0.009,0.006,0.036,0.489,0.189,0.256,776,1.4
0.04,0.825,2.543,0.011,0.007,0.035,0.506,0.19,0.259,778,1.4
0.039,0.737,2.548,0.007,0.006,0.035,0.537,0.175,0.266,778,1.4
0.036,0.747,2.58,0.008,0.006,0.032,0.029,0.01,0.007,777,0.7
0.04,0.73,2.597,0.008,0.006,0.032,0.036,0.005,0.004,779,0.7
0.039,0.736,2.608,0.01,0.005,0.032,0.061,0.018,0.013,774,0.7
0.042,0.971,2.947,0.049,0.005,0.031,0.075,0.023,0.122,759,1.3
0.045,0.94,2.94,0.051,0.004,0.032,0.089,0.01,0.129,758,1.3
0.044,0.968,2.928,0.049,0.004,0.032,0.092,0.011,0.121,758,1.3
0.043,0.867,2.651,0.04,0.008,0.035,0.12,0.047,0.039,778,1.1
0.042,0.869,2.834,0.043,0.008,0.035,0.139,0.043,0.044,775,1.1
0.042,0.783,2.751,0.04,0.009,0.035,0.135,0.039,0.049,776,1.1
0.046,0.912,2.726,0.038,0.005,0.036,0.021,0.197,0.151,779,1.4
0.046,0.93,2.736,0.04,0.005,0.036,0.029,0.201,0.166,781,1.4
0.05,0.938,2.816,0.039,0.005,0.036,0.032,0.179,0.15,777,1.4
0.042,0.828,2.631,0.04,0.008,0.035,0.017,0,0,760,0.8
0.039,0.863,2.742,0.041,0.008,0.034,6.55E+00,0,0.011,762,0.8
0.043,0.802,2.707,0.04,0.008,0.034,0.02,0.001,0,757,0.8
0.037,0.913,2.807,0.039,0.006,0.035,0.522,0,0,779,1.3
0.038,0.949,2.79,0.036,0.006,0.035,0.55,0.01,0.002,780,1.3
0.037,0.875,2.723,0.042,0.006,0.036,0.538,0.012,0.01,782,1.3
0.04,0.798,2.639,0.029,0,0.033,0.079,0.016,0,780,1.1
0.039,0.77,2.557,0.03,0,0.033,0.082,0,0,777,1.1
0.038,0.758,2.506,0.03,0.001,0.034,0.063,0.025,0.004,786,1.1
0.037,0.804,2.479,0.027,0.001,0.034,0.022,0.053,0,758,1.3
0.039,0.787,2.569,0.027,0.001,0.035,0.033,0.076,0,761,1.3
0.041,0.759,2.498,0.032,0,0.035,0,0.061,0.003,757,1.3
0.043,0.719,2.531,0.029,0.001,0.036,0.096,0.371,0.001,780,1.3
0.04,0.73,2.587,0.03,0,0.035,0.086,0.387,0,778,1.3
0.042,0.702,2.501,0.029,0.001,0.035,0.085,0.368,0,778,1.3
0.042,0.784,2.388,0.031,0,0.035,0.102,0.462,0.007,779,1.3
0.042,0.771,2.513,0.033,0.001,0.035,0.08,0.469,0,780,1.3
0.042,0.717,2.56,0.03,0,0.034,0.087,0.465,0,776,1.3
0.039,0.681,2.529,0.028,0.002,0.031,0.106,0,0.003,762,1.1
0.041,0.676,2.528,0.03,0.001,0.031,0.093,0,0,762,1.1
0.039,0.711,2.564,0.03,0.001,0.032,0.1,0.001,0,757,1.1
0.035,0.679,2.515,0.028,0.002,0.029,0.031,0,0.025,761,1.3
0.036,0.705,2.583,0.03,0.002,0.029,0.029,0.003,0.021,759,1.3
0.037,0.753,2.5,0.03,0.002,0.03,0.005,0,0.04,758,1.3
0.041,0.737,2.433,0.039,0.002,0.03,0.056,4.42E+00,0.179,784,1.3
0.038,0.739,2.609,0.04,0.002,0.03,0.059,0.016,0.176,776,1.3
0.042,0.738,2.559,0.039,0.001,0.029,0.084,0,0.186,780,1.3
0.037,0.701,2.528,0.019,0.002,0.028,0.096,0,0.359,775,1.4
0.039,0.696,2.508,0.019,0.002,0.028,0.083,0.002,0.36,780,1.4
0.041,0.664,2.484,0.019,0.001,0.028,0.077,0.016,0.365,780,1.4
0.027,0.034,1.491,0.012,0.002,0.034,0.1,0.008,0.002,827,1.7
0.027,0.072,1.472,0.01,0.003,0.034,0.147,0,0,832,1.7
0.026,0.057,1.467,0.011,0.002,0.034,0.116,0,0.01,828,1.7
0.027,0.01,1.511,0.01,0.002,0.035,0.107,0.051,0.003,832,1.7
0.029,0.013,1.427,0.01,0.002,0.034,0.116,0.054,0.004,829,1.7
0.025,0.01,1.44,0.009,0.002,0.035,0.123,0.042,0,831,1.7
0.032,0.021,1.642,0.008,0.004,0.027,0.07,0.058,0.024,822,1.7
0.03,0.046,1.611,0.009,0.005,0.028,0.076,0.026,0.037,829,1.7
0.031,0.023,1.71,0.01,0.004,0.028,0.091,0.027,0.047,826,1.7
0.02,0.034,1.58,0.011,0.005,0.033,0.08,0.01,0.012,831,1.4
0.022,0.016,1.62,0.009,0.004,0.033,0.074,0.007,0,829,1.4
0.021,0.026,1.62,0.006,0.005,0.034,0.053,0.01,0,829,1.4
0.029,0.063,1.469,0.009,0.004,0.032,0.123,0.018,0.017,826,1.6
0.03,0.008,1.537,0.008,0.004,0.033,0.134,0.063,0,829,1.6
0.034,0.003,1.535,0.009,0.004,0.033,0.11,0.053,0.002,827,1.6
0.025,0.046,1.426,0.011,0.002,0.035,0.128,0.112,0.124,827,1.7
0.025,0.031,1.493,0.01,0.002,0.034,0.087,0.099,0.128,838,1.7
0.023,0.016,1.571,0.009,0.003,0.034,0.124,0.088,0.129,830,1.7
0.029,0.02,1.673,0.014,0.004,0.032,0.031,0,0,825,0.8
0.033,0,1.559,0.011,0.005,0.032,0.038,0.002,0,828,0.8
0.028,0.02,1.593,0.007,0.005,0.032,0.043,0,0.01,828,0.8
0.021,0.195,1.992,0.058,0.003,0.029,0.117,0.013,0,851,1.8
0.018,0.232,1.994,0.061,0.002,0.03,0.142,0.001,0.011,848,1.8
0.021,0.21,2.059,0.058,0.002,0.029,0.131,0.02,0.01,850,1.8
0.022,0.568,1.888,0.04,0,0.032,0.111,0.003,0.004,854,1.8
0.023,0.538,1.919,0.04,0.001,0.032,0.112,0.037,0.001,852,1.8
0.024,0.533,1.882,0.04,0,0.031,0.099,0.033,0.006,848,1.8
0.025,0.324,1.737,0.01,0.003,0.025,0.07,0.02,0.035,846,1.7
0.028,0.269,1.721,0.007,0.003,0.025,0.078,0.04,0.02,855,1.7
0.023,0.283,1.676,0.012,0.004,0.025,0.089,0.031,0.042,849,1.7
0.021,0.713,1.573,0.011,0.002,0.028,0.069,0.048,0,828,1.6
0.021,0.716,1.573,0.013,0.002,0.027,0.068,0.05,0,833,1.6
0.017,0.646,1.528,0.006,0.002,0.028,0.065,0.065,0.013,839,1.6
0.011,0.246,1.521,0.011,0.002,0.033,0.058,0.009,0.018,828,1.7
0.01,0.22,1.57,0.01,0.002,0.032,0.047,0,0.008,832,1.7
0.012,0.24,1.512,0.012,0.002,0.032,0.051,0.006,0.039,826,1.7
0.018,0.43,1.58,0.029,0.003,0.035,0.097,0.008,0.004,830,1.6
0.018,0.515,1.609,0.028,0.003,0.035,0.099,0,0,831,1.6
0.018,0.446,1.606,0.031,0.003,0.035,0.093,0,0.02,827,1.6
0.022,0.318,1.753,0.05,0.001,0.03,0.103,0.01,0.002,829,1.6
0.019,0.438,1.78,0.049,0.001,0.031,0.101,0.01,0.009,829,1.6
0.019,0.421,1.7,0.045,0,0.03,0.106,0,0.01,831,1.6
0.019,0.29,1.938,0.019,0.004,0.029,0.096,0.036,0.01,830,1.7
0.019,0.321,1.876,0.02,0.004,0.029,0.049,0.045,0.006,834,1.7
0.019,0.266,1.9,0.018,0.004,0.029,0.087,0.029,0.014,828,1.7
0.007,0.353,1.888,0.008,0.004,0.031,0.062,0,0.001,828,1.8
0.008,0.328,1.749,0.011,0.005,0.031,0.081,0.012,0.009,825,1.8
0.009,0.3,1.721,0.007,0.005,0.032,0.068,0.01,0.007,820,1.8
0.097,0.32,1.752,0.01,0.002,0.028,0.364,0.014,0.01,829,0.8
0.098,0.388,1.667,0.009,0.003,0.029,0.369,0.008,0.002,827,0.8
0.095,0.331,1.653,0.012,0.003,0.028,0.368,0,0.002,831,0.8
0.021,0.508,1.566,0.01,0.002,0.029,0,2.04E+00,0.005,850,0.8
0.022,0.483,1.481,0.009,0.001,0.03,0,0.007,0.02,851,0.8
0.019,0.453,1.526,0.011,0.001,0.03,0.002,0.01,0.005,855,0.8
0.023,0.5,1.362,0.029,0,0.03,0.584,0,0,851,1.6
0.025,0.49,1.509,0.032,0,0.03,0.596,0.018,0,851,1.6
0.023,0.514,1.466,0.027,0.001,0.03,0.598,0.012,0,847,1.6
0.022,0.438,1.83,0.047,0.002,0.028,0.112,0,0.001,855,1.7
0.021,0.352,1.75,0.048,0.003,0.028,0.114,0.023,0.005,848,1.7
0.023,0.355,1.675,0.049,0.003,0.029,0.123,0,0.007,850,1.7
0.023,0.439,1.813,0.041,0.003,0.026,0.05,0.314,0,854,1.6
0.02,0.476,1.816,0.04,0.003,0.027,0.059,0.32,0,852,1.6
0.024,0.456,1.764,0.041,0.003,0.026,0.073,0.324,0.001,849,1.6
0.018,0.336,1.71,0.051,0.001,0.033,0.119,0.019,0.02,833,1.7
0.022,0.383,1.693,0.047,0,0.034,0.091,0,0,830,1.7
0.02,0.317,1.738,0.05,0,0.033,0.094,0.002,0.004,830,1.7
0.025,0.325,1.791,0.052,0.002,0.032,0.321,0.01,0.299,848,1.7
0.024,0.378,1.781,0.049,0.002,0.031,0.334,0.01,0.319,852,1.7
0.024,0.36,1.743,0.05,0.001,0.032,0.334,0.017,0.312,849,1.7
0.018,0.015,1.553,0.01,0.002,0.033,0.044,0.02,0.01,832,0.8
0.02,0.03,1.497,0.01,0.003,0.032,0.027,0.01,0,833,0.8
0.019,0.02,1.418,0.009,0.003,0.032,0.023,0.003,0.002,826,0.8
0.024,0.024,1.595,0.008,0.002,0.035,0.33,0,0.015,830,1.7
0.02,0.009,1.725,0.009,0.002,0.035,0.311,0,0,823,1.7
0.022,0.009,1.66,0.011,0.003,0.035,0.292,0.003,0.011,824,1.7
0.039,0.408,2.834,0.011,0.004,0.032,0.172,0.01,0.001,778,1.1
0.038,0.467,2.813,0.011,0.004,0.033,0.158,0,0.002,773,1.1
0.037,0.463,2.873,0.007,0.003,0.033,0.148,0.004,0,782,1.1
0.041,0.78,2.433,0.01,0.001,0.035,0.049,0.177,0.007,776,1.4
0.043,0.796,2.562,0.011,0.001,0.034,0.028,0.174,0,774,1.4
0.039,0.76,2.49,0.009,0.001,0.034,0.079,0.166,0,779,1.4
0.038,0.75,2.555,0.009,0.009,0.033,0.085,0.01,0.059,759,1.4
0.035,0.742,2.545,0.008,0.009,0.032,0.079,0,0.054,758,1.4
0.036,0.694,2.57,0.011,0.008,0.032,0.093,0.01,0.072,763,1.4
0.049,0.792,2.54,0.011,0.005,0.036,0.043,0.052,0,773,1.3
0.049,0.737,2.538,0.01,0.006,0.035,0.042,0.096,0.007,766,1.3
0.045,0.751,2.406,0.009,0.005,0.036,0.04,0.081,0.005,769,1.3
0.038,0.735,2.534,0.01,0.006,0.035,0.179,0.198,0.252,768,1.5
0.038,0.726,2.549,0.011,0.006,0.035,0.205,0.197,0.254,782,1.5
0.038,0.759,2.56,0.009,0.006,0.034,0.165,0.187,0.267,782,1.5
0.049,0.746,2.578,0.007,0.007,0.038,0.025,0.012,0.019,777,0.8
0.043,0.759,2.58,0.01,0.006,0.037,0.012,0.011,0.009,779,0.8
0.046,0.725,2.549,0.008,0.007,0.038,0.024,0.013,0.005,783,0.8
0.039,0.941,2.949,0.049,0.003,0.039,0.03,0.023,0.105,757,1.3
0.042,0.941,2.992,0.049,0.004,0.038,0.031,0.02,0.112,760,1.3
0.04,0.949,2.949,0.049,0.004,0.038,0.007,0.014,0.112,765,1.3
0.043,0.823,2.881,0.049,0.008,0.032,0.148,0.031,0.068,784,1.1
0.042,0.835,2.791,0.051,0.008,0.032,0.137,0.057,0.05,776,1.1
0.041,0.749,2.784,0.05,0.009,0.033,0.154,0.022,0.058,780,1.1
0.049,0.946,2.885,0.047,0.006,0.034,0.03,0.181,0.146,784,1.4
0.047,0.907,2.788,0.04,0.005,0.033,0.018,0.175,0.138,783,1.4
0.047,0.973,2.786,0.039,0.005,0.033,0.017,0.175,0.147,780,1.4
0.042,0.84,2.759,0.041,0.007,0.033,0.021,0.02,0.001,756,0.8
0.041,0.907,2.726,0.039,0.006,0.033,0.018,0.01,0.011,761,0.8
0.044,0.872,2.8,0.039,0.007,0.033,0.001,0.01,0.01,757,0.8
0.035,0.902,2.686,0.038,0.006,0.035,0.55,0.008,0.01,781,1.4
0.036,0.906,2.728,0.043,0.005,0.034,0.559,0,0.004,781,1.4
0.036,0.951,2.741,0.04,0.006,0.035,0.533,0.007,0.002,778,1.4
0.044,0.805,2.705,0.015,0.003,0.03,0.098,0.008,0.003,776,1.1
0.041,0.765,2.69,0.021,0.003,0.03,0.086,0.002,0.003,781,1.1
0.039,0.817,2.578,0.021,0.003,0.03,0.119,0.013,0.001,780,1.1
0.042,0.798,2.721,0.019,0.002,0.03,0.019,0.065,0.003,758,1.3
0.041,0.801,2.565,0.016,0.002,0.03,0.044,0.077,0.01,758,1.3
0.041,0.808,2.645,0.02,0.003,0.03,0.041,0.063,0,756,1.3
0.042,0.766,2.756,0.029,0.002,0.029,0.074,0.302,0.003,775,1.3
0.039,0.777,2.638,0.03,0.003,0.029,0.075,0.298,0.008,777,1.3
0.043,0.765,2.822,0.031,0.003,0.029,0.098,0.282,0.001,775,1.3
0.042,0.75,2.588,0.022,0.002,0.03,0.078,0.511,0,775,1.4
0.04,0.754,2.748,0.019,0.002,0.03,0.084,0.529,0.002,776,1.4
0.04,0.737,2.689,0.017,0.002,0.03,0.057,0.513,0.01,782,1.4
0.04,0.735,2.736,0.031,0.002,0.03,0.101,0.002,0,758,1.1
0.037,0.84,2.788,0.031,0.003,0.031,0.094,0.01,0,755,1.1
0.04,0.795,2.836,0.03,0.002,0.03,0.098,0.014,0,762,1.1
0.043,0.814,2.768,0.021,0.004,0.032,0.053,0.01,0.034,756,1.2
0.04,0.78,2.739,0.02,0.003,0.032,0.037,0.01,0.041,759,1.2
0.041,0.743,2.681,0.023,0.004,0.032,0.019,0.002,0.031,754,1.2
0.036,0.826,2.903,0.031,0.002,0.031,0.098,0.007,0.181,783,1.3
0.038,0.803,2.785,0.033,0.001,0.031,0.09,0.016,0.176,783,1.3
0.038,0.809,2.77,0.029,0.001,0.032,0.087,0.018,0.189,784,1.3
0.038,0.79,2.759,0.018,0.002,0.032,0.083,0.018,0.294,776,1.3
0.037,0.826,2.715,0.022,0.003,0.031,0.096,0.01,0.284,783,1.3
0.038,0.782,2.732,0.021,0.003,0.031,0.063,0,0.303,784,1.3